model,Year,Hand,Gear,Engine_capacity,Engine_type,Prev_ownership,Curr_ownership,Area,city,Price,Cre_date,Pic_num,Repub_date,Description,Color,Km,Test
סוזוקי סוויפט,2008,4,אוטומטית,1500,בנזין,פרטית,פרטית,אשדוד,אשקלון,14800.0,2024-05-16,2,2024-05-16,רכב חסכוני ושמור מאוד הכל עובד חזק ברכב  גמיש ליד הרכב ,שחור,220000,95
סוזוקי SX4,2016,1,אוטומטית,1600,בנזין,פרטית,פרטית,רמת,בני,71.0,2024-03-16,5,2024-03-16,סוזוקי ויטרה ארבע על ארבע יד ראשונה 00  נקנה חדש מהחברה  שנת 2016 עם כל התוספות המלאות מגיני רוח מולטימדיה ריפודמ עור מובילאיי נקנה 160.000 מוכרים ב71.000 כמעט ולא נעשה בו שימוש כחדש 68 km 0504300438 לא בשבת,בז',68,
סוזוקי סוויפט,2008,3,אוטומטית,1500,בנזין,פרטית,פרטית,קריות,קרית,19500.0,2024-02-26,8,2024-02-26,רכב שמור ואמין במיוחד! מטופל בזמן תכתוב ב what's up,אפור,178000,
סוזוקי סלריו,2018,2,אוטומטית,1000,בנזין,פרטית,פרטית,רמלה,לוד,34900.0,2023-12-28,5,2023-12-11,"רכב קומפקטי וחיסכוני! כ-20 ק״מ לליטר. 2018, רכב שמור. לאחר טיפול מקיף, 3 גלגלים חדשים, מזגן מעולה. חלונות חשמליים, מערכת עם בלוטות׳. טסט כחצי שנה. נא ליצור קשר בווטסאפ.",אפור,97000,
סוזוקי SX4 קרוסאובר,2018,2,אוטומטית,1400,בנזין,פרטית,פרטית,קריות,קרית,57000.0,2023-12-17,7,2023-12-17,אוטו אמיין ומוטפל במוסך מורשה בלבד ויש הוסטרית טיפולים בסוזוקי חיפה מחיר יצחק לוי 65000 מכור ב57000 שקל כי משתדרג לרכב חשמלי אוטו במצב מעולה שומר סיבת מכירה מעבר לאוטו חשמלי ויש לי להשלים סכום של כסף לאוטו החדש  ,לבן,144548,125
סוזוקי איגניס,2019,1,אוטומטית,1200,בנזין,פרטית,פרטית,חיפה,חיפה,65000.0,2023-11-19,2,2023-11-19,רכב במצב נהדר. נהגת יחידה. לראות ולהשתכנע.,אדום,16500,156
סוזוקי SX4 קרוסאובר,2016,2,אוטומטית,1600,בנזין,ליסינג,פרטית,רמת,רמת,58000.0,2023-09-28,2,2023-09-28,מצב מעולה,שחור,77000,
סוזוקי סוויפט,2007,4,אוטומטית,1500,בנזין,פרטית,פרטית,באר,קרית,16000.0,2023-09-22,3,2023-09-21,"סוזוקי סוויפט 2007. 204,000 ק״מ. במצב מעולה, שמור ומטופל. נהגת יחידנית. כל הקודם זוכה",אפור,204000,
סוזוקי SX4 קרוסאובר,2014,3,אוטומטית,1800,בנזין,פרטית,פרטית,ירושלים,ירושלים,40500.0,2023-09-07,6,2023-08-24,"מטופלת במורשה, יפה, חסכונית בדלק. אמינה. שמורה. דגם מפואר- מראות מתקפלות , הנעה ללא מפתח, מצלמת רוורס ועוד. גיר חדש מהחברה השנה, במסגרת ריקול דגם. גמישות קלה. [בעלות אחת-חודשים ספורים]",שחור,138450,
סוזוקי סוויפט,2009,1,אוטומטית,1500,בנזין,פרטית,פרטית,תל,תל,27500.0,2023-08-17,4,2023-08-17,"מפרטי יד ראשונה סוויפט מנוע GLX 1490 יד ראשונה  סמ""ק 150.900 קמ שנה 2009 גיר אוטומטי יצור והרכבה יפן צבע שחור נעילה חשמלית קידוד 6 כ""א + ABS טסט 5/2024 פגעי צבע מקובלים ומכה בדלת הבגאג' המכונית מטופלת במוסך המרכזי תל אביב 27500 שח לא לסוחרים ומגרשים נא לא להתקשר בשבת שיחה לא תענה מיקום תל אביב",שחור,151000,
סוזוקי איגניס,2021,1,אוטומטית,1200,היבריד,פרטית,פרטית,גליל,יוקנעם,82000.0,2023-06-16,3,2023-06-16,ללא תאונות.מטופל במוסך מורשה. טסט לשנה,לבן,44000,
סוזוקי SX4 קרוסאובר,2019,1,אוטומטית,1000,בנזין,פרטית,פרטית,אשדוד,אשקלון,86000.0,2023-06-16,3,2023-06-14,None,אפור,85000,
סוזוקי סוויפט,2010,6,אוטומטית,1500,בנזין,פרטית,פרטית,קיסריה,אור,18000.0,2023-06-15,1,2023-06-15,רכב שמור מצב מכני טוב,כחול,189000,
סוזוקי אלטו,2012,2,אוטומטית,1000,בנזין,פרטית,פרטית,מודיעין,מודיעין,21000.0,2023-06-06,2,2023-06-06,"סוזוקי אלטו 2012, יד 2, אוטומט 114,000 קילומטר אחרי טסט וטיפול ,4 גלגלים חדשים. מאוד שמורה  יש מובילאיי  מערכת רמקולים מותקנת  מחיר -21,000₪ לפרטים נוספים-0523631667",לבן,113000,
סוזוקי אלטו,2010,3,ידנית,1000,בנזין,פרטית,פרטית,ירושלים,ירושלים,11500.0,2023-06-04,2,2023-06-04,מצב מעולה חסכוני  הוחלף קלאץ׳ ,לבן,152000,
סוזוקי SX4,2009,4,אוטומטית,1600,בנזין,פרטית,פרטית,בית,בית,18500.0,2023-05-15,2,2023-05-14,הרכב במצב מצויין. הוא שירת אותנו בנאמנה במשך קרוב ל-6 שנים. אנחנו מוכרים בגלל קבלת רכב מהעבודה,שחור,226000,
סוזוקי ליאנה,2008,4,אוטומטית,1600,בנזין,פרטית,פרטית,עכו,נהריה,7500.0,2023-04-19,2,2023-04-19,רכב במצב טוב הוחלף מנוע מייבוא,כסף,214000,
סוזוקי ליאנה,2008,3,אוטומטית,1600,בנזין,פרטית,פרטית,ירושלים,ירושלים,13000.0,2023-03-08,4,2023-01-04,למכירה סוזוקי ליאנה שנת 2008 יד 02 ברשיון טסט עד 7/23 מנוע 1600 רכב יפני אמין מאד מצבר חדש צמיגים עבר טיפול גדול ברקסים צלחות מוט מייצב +צינור הגה חדש תושבת מנוע מחזיר שמן בולמים קפיצים קידמי ימין ושמאל כולל טיפול 10 אלף לא בשבת בבקשה גמיש לרצינים,אפור,206000,
סוזוקי SX4 קרוסאובר,2020,1,אוטומטית,1400,בנזין,פרטית,פרטית,עמק,מדרך,108000.0,2023-01-24,3,2023-01-24,מצב מצויין.פרטי טסט עד יולי,אפור,62000,
סוזוקי אלטו,2013,5,ידנית,1000,בנזין,פרטית,פרטית,מודיעין,מודיעין,15000.0,2022-12-20,1,2022-12-20,גיר רגיל! במצב מצויין! אחרי טיפול קלאץ חדש צמיגים חדשים מצבר חדש מערכת מולטימדיה חיישני רוורס מצלמת רוורס טסט עד ספטמבר,שחור,156000,
סוזוקי SX4,2010,3,אוטומטית,1600,בנזין,פרטית,פרטית,מושבים,בית,20000.0,2022-12-08,5,2022-11-29,סוזוקי sx4 קצרה ונוחה בעיר ומחוץ לעיר רכב נהדר אמין ועובד טוב אני מאוד אוהב אותו  נמכר עקב מעבר לרכב 4x4  יש צמיגים חדשים בני חודשיים  התנעה חכמה של הרכב ללא מפתח מצבר חדש  הוחלף מנוע חדש לפני 50 אלף קמ  מערכת פיוניר ושני סטים של רמקולים קומפוננט של JBL  ,כסוף,265900,
סוזוקי אלטו,2015,1,אוטומטית,1200,בנזין,,,תל,תל,29000.0,2022-11-02,1,2022-11-02,None,None,91900,
סוזוקי קרוסאובר,2019,1,אוטומטית,1400,בנזין,,,רמת,הרצליה,,2022-10-31,1,2022-10-31," VITARA TURBO 23000 KM GLX שמורה יד ראשונה פרטית חלונות חשמל מערכת מובייל",None,,
סוזוקי סוויפט,2010,1,אוטומטית,1450,בנזין,,,רמת,רמת,22500.0,2022-10-29,1,2022-10-29,רכב במצב מתוחזק ברמה גבוהה טסט עד אפריל 2023,None,145000,
סוזוקי סוויפט,2008,4,אוטומטית,1500,בנזין,,,באר,באר,18000.0,2022-10-29,1,2022-10-29,"רכב סוזוקי סוויפט יד 4 פרטית יד 1 עבר במשפחה בין אחים. רכב במצב מצוין רכב אמין וחזק  צמיגים חדשים טיפולים בזמן יש,קבלות על הכל. מתחייב בבדיקה מנוע גיר ושלדה ",None,233000,
סוזוקי ספלאש,2011,1,אוטומטית,1242,בנזין,,,נס,רחובות,26000.0,2022-10-28,1,2022-10-28,"רכב במצב מעולה, ממש כמו חדש, שימש בעיקר לנסיעה בתוך העיר, מעט מאוד קילומטרים, לא עבר תאונות. מציאה !!!",None,56000,
סוזוקי סלריו,2018,2,אוטומטית,1000,בנזין,,,נס,רחובות,43000.0,2022-10-22,1,2022-10-22,"רכב נקנה ב 2018 עוד עם אחריות יצרן, נשמר מאוד מאז ועד היום. לא עבר את המאה אלף ק""מ. שמור, תוספות של מערכת עם מסך טאצ' ובלוטוס. 4 גלגלים חדשים, מצבר חדש. ",None,98000,
סוזוקי סוויפט,2014,1,ידנית,1240,בנזין,,,פרדס,פרדס,28000.0,2022-10-20,1,2022-10-20,יד ראשונה! שמור במצב מעולה הן מבחינה מכנית והן מבחינה אסטתית. חסכוני מאוד בדלק בזכות ההילוכים הידניים. טופל באופן סדיר במוסכים מורשים של סוזוקי בלבד. צבע אדום יפהפה. ללא תאונות! טסט לשנה! מסירת הרכב בכרכור.,None,205000,
סוזוקי SX4,2019,1,אוטומטית,1400,בנזין,,,רעננה,כפר,107000.0,2022-10-20,1,2022-10-20,"רכב במצב מעולה  עבר טיפולים במוסך החברה . עשה מעט קילונטראז 35,000 &lt;br/&gt;&lt;br/&gt;פירוט:&lt;br/&gt; הרכב מגיע עם  מולטימדיה , חלונות חשמל,  חיישני רוורס קדימה וצדדים.  ",None,35000,
סוזוקי אלטו,2011,4,ידנית,996,בנזין,,,רעננה,רעננה,16500.0,2022-10-19,1,2022-10-19,"צ׳יקיטה האהובה שלי מטופלת יפה, חסכונית מאוד. הייתה אצלי 3 שנים נהדרות, מוכר כי יצאתי לטייל מסביב לעולם. המכירה ברעננה, מול אבא שלי. (אני בדרך לפפואה). בבקשה לכתוב לי *ווצאפ*",None,168000,
סוזוקי SX4,2012,1,אוטומטית,1586,בנזין,,,חולון,חולון,41000.0,2022-10-17,1,2022-10-17," &lt;br/&gt;&lt;br/&gt;פירוט:&lt;br/&gt; יד ראשונה, ללא תקלות, שמור מאוד, מטופל במוסך מורשה",None,78600,
סוזוקי איגניס,2018,1,אוטומטית,1200,בנזין,,,קריות,קרית,72000.0,2022-10-13,1,2022-10-13,רכב שמור מאד. חדש לגמרי ,None,17600,
סוזוקי בלנו,2017,2,ידנית,1242,בנזין,,,ראש,ראש,42000.0,2022-10-12,1,2022-10-12,"סוזוקי בלנו ידנית 2017 רכב שמור מאוד, טיפולים שוטפים בזמן, מצב מכני מעולה, מוכר את הרכב כי לאשתי אין רישיון ידני, גמיש במחיר לרציניים בעת המכירה, נקי מתאונות, לא בשבת, לידור 0527272219",None,102000,
סוזוקי SX4,2009,1,אוטומטית,1586,בנזין,,,רמת,רמת,17000.0,2022-10-05,1,2022-10-05,"דגם GLA יד ראשונה, עם 178000 קמ, החלפה לטובת רכב גדול יותר עקב הרחבת המשפחה &lt;br/&gt;&lt;br/&gt;פירוט:&lt;br/&gt; מצלמת רברס",None,178000,
סוזוקי קרוסאובר,2017,1,אוטומטית,1400,בנזין,,,רעננה,רעננה,76000.0,2022-10-02,1,2022-10-02,"שנת יצור 2017,יד ראשונה מפרטי,53,000קמ,1400 טורבו=140 כס,טסט יוני 2023,הרכב נקי מתאונות,שמור לגילו וטופל במוסך מורשה יבואן,מחיר מבוקש 76 אשח.",None,53000,
סוזוקי בלנו,2019,2,אוטומטית,1200,בנזין,,,פתח,פתח,73000.0,2022-10-01,1,2022-10-01,"סוזוקי בלנו שנת 2019 טסט עד אוגוסט 2023 אצלי מקמ 5000ֶרכב חסכוני מאוד אמוביליזר קודן מצלמת רברס רכב שמור ומטופלר רק בסוזוקי פתח תקווה",None,52000,
סוזוקי SX4,2010,3,אוטומטית,1600,בנזין,,,רמת,רמת,18000.0,2022-09-30,1,2022-09-30,"טסט לשנה, צמיגים חדשים (הוחלפו בטסט האחרון). טופל באופן מלא לפני הטסט! 18,000 ש""ח. מחירון 29,000! בהזדמנות!",None,250880,
סוזוקי קרוסאובר,2015,1,אוטומטית,1600,בנזין,,,"ראשל""צ",ראשון,56000.0,2022-09-29,1,2022-09-29,"מצב מכאני מעולה, בבעלות פרטית , מטופל בחברה.  &lt;br/&gt;&lt;br/&gt;פירוט:&lt;br/&gt; חיישן רוורס, מובילי, נעילה מרכזית , מפתח חכם.",None,116000,
סוזוקי איגניס,2017,1,אוטומטית,1242,בנזין,,,"ראשל""צ",ראשון,62000.0,2022-09-27,1,2022-09-27,"למכירה יד ראשונה. שמורה מצויין. ללא תאונות ומכות כחדשה. 63,000 ק""מ. 4 צמיגים חדשים. טסט עד 7/2023. טלפון : ‎0535266848 זהבה &lt;br/&gt;&lt;br/&gt;פירוט:&lt;br/&gt; איו",None,6300,
סוזוקי קרוסאובר,2022,1,אוטומטית,1400,בנזין,,,קריות,קרית,129000.0,2022-09-21,1,2022-09-21,"הרכב עלה על הכביש ינואר 22.ללא פגיעה ללא שריטות, פרטי בלבד,לא לסוחרים!!!!!! &lt;br/&gt;&lt;br/&gt;פירוט:&lt;br/&gt; מאובזר מאד,כולל מצלמה ששוויה 2400שח ומופעלת מהמסך מולטימידיה,",None,21890,
סוזוקי סוויפט,2012,1,ידנית,1242,בנזין,,,None,Rehovot,28000.0,2022-09-17,1,2022-09-17,"זריזה,אמינה וחסכונית מאוד. מטופלת במורשה, קילומטראז' נמוך וללא תאונות. טסט לשנה.  לא בשבת",None,105000,
סוזוקי סדן,2007,6,אוטומטית,1300,בנזין,,,None,ריחאניה,43000.0,2022-09-17,1,2022-09-17,None,None,280,
סוזוקי סוויפט,2007,1,אוטומטית,1500,בנזין,,,פתח,פתח,17000.0,2022-09-17,1,2022-09-17,None,None,206000,
סוזוקי סוויפט החדשה,2007,1,אוטומטית,1500,בנזין,,,פתח,פתח,17000.0,2022-09-17,1,2022-09-17,None,None,206000,
סוזוקי SX4,2013,1,אוטומטית,1600,בנזין,,,עמק,תמרת,36000.0,2022-09-16,1,2022-09-16,"סוזוקי SX4 2013 GLA יד ראשונה 160000 ק""מ. מטופל לאורך כל השנים במוסך מוסדר שביט.",None,160000,
סוזוקי אלטו,2010,2,ידנית,996,בנזין,,,גליל,קרית,12000.0,2022-09-15,1,2022-09-15,"רכב אמין וחסכוני, ללא תאונות",None,204000,
סוזוקי SX4,2008,2,אוטומטית,1600,בנזין,,,מודיעין,שוהם,20000.0,2022-09-12,1,2022-09-12,רכב שמור חסכוני ואמין,None,184000,
סוזוקי קרוסאובר,2015,1,אוטומטית,1568,בנזין,,,מושבים,עולש,48000.0,2022-09-11,1,2022-09-11,"שמור מאד , נהגת אחת , לא צורך מוסך ",None,214000,
סוזוקי איגניס,2006,2,אוטומטית,1328,בנזין,,,פתח,פתח,12900.0,2022-09-10,1,2022-09-10,"רכב נהדר ואמין.  נמצא ברשותי 4 שנים. לפניי חבר משפחה שנסע לשוק וחזרה (לכן, מספר ק""מ נמוך).  מחליף לרכב משפחתי גדול יותר (ילדים גדלו).  טיפולים בזמן.",None,97659,
סוזוקי SX4,2008,3,אוטומטית,1600,בנזין,,,ירושלים,ירושלים,18000.0,2022-09-07,1,2022-09-07,"רכב במצב טוב טסט עד ה07/22 יש מולטימדיה הרכב עבר טיפול שוטף בלמים ושמן &lt;br/&gt;&lt;br/&gt;פירוט:&lt;br/&gt; מולטימדיה",None,,
סוזוקי קרוסאובר,2014,1,אוטומטית,1586,בנזין,,,רעננה,רעננה,54000.0,2022-09-06,1,2022-09-06,"רכב יד ראשונה, מצב מצויין ללא תאונות.",None,72865,
סוזוקי אלטו,2011,2,ידנית,998,בנזין,,,פרדס,פרדס,15700.0,2022-09-04,1,2022-09-04,"יד 2, פרטית, גיר ידני. עלייה לכביש 5/2011, 219,500 ק'מ. טסט עד 5/23 שמורה, חסכונית וזריזה &lt;br/&gt;&lt;br/&gt;פירוט:&lt;br/&gt; קודן",None,219500,
סוזוקי סוויפט,2008,3,אוטומטית,1450,בנזין,,,ראש,ראש,22000.0,2022-09-01,1,2022-09-01,"רכב שנקנה לי לתקופת הלימודים סטודנטית להנדסה נהגת יחידה, שמור בקנאות! ניתן לראות בתמונות בפנים ומבחוץ במצב מכאני מעולה לאחרונה עבר טיפול כולל יש טסט לשנה 08/23 מערכת מולטימדיה חדשה.",None,170,
סוזוקי אלטו,2013,3,ידנית,1000,בנזין,,,"ראשל""צ",ראשון,12500.0,2022-09-01,1,2022-09-01,"רכב שמור, כל הטיפולים בזמן, צמיגים הוחלפו לפני חצי שנה, טסט עד ינואר 2023",None,169000,
סוזוקי סוויפט,2011,3,אוטומטית,1200,בנזין,,,חולון,בת,32000.0,2022-08-31,1,2022-08-31,"רכב מאד שמור הנעה ללא מפתח",None,108000,
סוזוקי סוויפט החדשה,2011,2,אוטומטית,1290,בנזין,,,רמת,רמת,35000.0,2022-08-31,1,2022-08-31, &lt;br/&gt;&lt;br/&gt;פירוט:&lt;br/&gt; כל התוספות פרימיום ,None,180000,
סוזוקי סוויפט החדשה,2011,2,אוטומטית,1250,בנזין,,,רמת,רמת,,2022-08-30,1,2022-08-30,None,None,180000,
סוזוקי סוויפט,2010,3,אוטומטית,1500,בנזין,,,עמק,מגדל,24000.0,2022-08-29,1,2022-08-29,רכב שמור במצב מצויין מטופל בזמן ואחרי טיפול טסט עד חודש מאי 23,None,183000,
סוזוקי סוויפט,2009,3,אוטומטית,1490,בנזין,,,ירושלים,ירושלים,24000.0,2022-08-24,1,2022-08-24,"רכב שמור ללא תאונות לא נסע הרבה, מטופל ונקי. נמכר עקב מעבר לרכב גדול. מצויין למי שרוצה רכב קומפקטי וחזק",None,117400,
סוזוקי ספלאש,2009,3,אוטומטית,1200,בנזין,,,None,תענכים,,2022-08-24,1,2022-08-24,"רכב של אשתי, נמכר עקב קבלת רכב מהעבודה. רכב חסכוני מאודדדד!!!!! טסט עד נובמבר 22, שמור ונקי מאוד, מטופל בקנאות. רכב מציאה למביני עניין …",None,170,
סוזוקי קרוסאובר,2014,2,אוטומטית,1600,בנזין,,,ירושלים,ירושלים,48000.0,2022-08-23,1,2022-08-23,"שמור במצב טוב מאוד, טיפולים בזמן ",None,198000,
סוזוקי קרוסאובר,2014,2,אוטומטית,1600,בנזין,,,חולון,חולון,48000.0,2022-08-22,1,2022-08-22,מטופל טוב גיר חדש מחשב גיר חדש ומצבר חדש &lt;br/&gt;&lt;br/&gt;פירוט:&lt;br/&gt; מגן גשם פסים למניעת סריטןת,None,167000,
סוזוקי סוויפט,2008,3,אוטומטית,1500,בנזין,,,מושבים,עזריה,19500.0,2022-08-22,1,2022-08-22,רכב שמור צבע חדש,None,,
סוזוקי אלטו,2013,1,אוטומטית,1000,בנזין,,,None,פוריידיס,17000.0,2022-08-17,1,2022-08-17,"רכב שמור וחסכוני מאוד מוכר עקב קניית רכב חדש",None,118000,
סוזוקי קרוסאובר,2021,1,אוטומטית,1500,בנזין,,,נתניה,נתניה,143900.0,2022-08-17,1,2022-08-17,"סוזוקי ג'יפ ג'ימיני החדש, GLX, יד ראשונה, כחדש, מנוע 1,500 סמ""ק, 102 כ""ס, אוטומטי, 11,000 ק""מ בלבד, המחיר לפי מחירון לוי יצחק &lt;br/&gt;&lt;br/&gt;פירוט:&lt;br/&gt; המחיר כולל מגן גחון בשווי 3,500 ₪",None,11000,
סוזוקי SX4,2007,3,ידנית,2000,דיזל,,,None,חורה,30000.0,2022-08-15,1,2022-08-15,None,None,789000,
סוזוקי בלנו,2018,2,אוטומטית,1200,בנזין,,,חיפה,חיפה,56000.0,2022-08-13,1,2022-08-13,רכב שמור.ללא תאונות ,None,80000,
סוזוקי בלנו,2001,3,אוטומטית,1590,בנזין,,,רמת,בני,3749.0,2022-08-12,1,2022-08-12,None,None,100000,
סוזוקי SX4,2015,3,אוטומטית,1300,בנזין,,,None,סמיע,,2022-08-12,1,2022-08-12,רכב שמור לא נסע בשטח,None,,
סוזוקי סלריו,2016,1,ידנית,1000,בנזין,,,מושבים,נווה,32000.0,2022-08-07,1,2022-08-07,"רכב בונבוניירה, מטופל, חסכוני  טסט עד 2022 &lt;br/&gt;&lt;br/&gt;פירוט:&lt;br/&gt; מולטימדיה",None,70000,
סוזוקי SX4,2016,3,אוטומטית,1600,בנזין,,,None,ק.אתא,72000.0,2022-08-07,1,2022-08-07,None,None,140000,
סוזוקי סלריו,2016,2,רובוטית,998,בנזין,,,חולון,חולון,32000.0,2022-08-05,1,2022-08-05,"למכירה סוזוקי סלריו 2016 (בכביש מ10/2016)  במצב מצויין, חסכונית מאוד, תיבת הילוכים אוטומטית-רובוטית, ללא כל תאונות.",None,112,
סוזוקי אלטו,2015,3,ידנית,1000,בנזין,,,נתניה,נתניה,19000.0,2022-08-04,1,2022-08-04,"זהירות!! מציאה!! עקב קבלת רכב מהעבודה, אני נאלץ למכור את הרכב המדהים!!! ששימש אותי בשנה האחרונה :( קצת פרטים: דגם: סוזוקי אלטו תיבת הילוכים: ידני שנתון: 2015 ק""מ: 90,000  טסט: 01/23 צריכת דלק: 1:17  מזגן: עובד מצויין ספר רכב עם מעקב טיפולים: יש מגיע עם תוספות: - מובילייט - בלוטוס - מעמד לפלאפון (טעינה מהירה) - מצלמת דרך יד: 03 (פרטי) מחיר מחירון: 22K (לפי 'לוי יצחק') דורש עליו: 19K גמיש הרכב מצויין, חיסכוני מאוד, ק""מ נמוך, ביטוח זול. &lt;br/&gt;&lt;br/&gt;פירוט:&lt;br/&gt; מגיע עם תוספות: - מובילייט - בלוטוס - מעמד לפלאפון (טעינה מהירה) - מצלמת דרך ",None,90000,
סוזוקי איגניס,2019,1,אוטומטית,1200,בנזין,,,רעננה,רעננה,81000.0,2022-07-28,1,2022-07-28,בהזדמנות שמור היטב במצב מצויין מספר קילומטרים נמוך במיוחד &lt;br/&gt;&lt;br/&gt;פירוט:&lt;br/&gt; תוספות:חיישני רוורס מערכת מולטימדיה מצלמה אחורית מרימי שמשות חשמלי מגן שמש מגיני דלתות,None,16800,
סוזוקי אלטו,2014,2,אוטומטית,996,בנזין,,,מושבים,מרכז,26000.0,2022-07-21,1,2022-07-21,"רכב במצב טוב וגם המחיר, מוכרים אותו עקב מצב משפחתי,  טסט לשנה בראש שקט שאר פרטים לפרטים בשיחה , לא בשבת ",None,1003,
סוזוקי SX4,2012,3,אוטומטית,1600,בנזין,,,נתניה,נתניה,25000.0,2022-07-20,1,2022-07-20,"קכב מצב מצויןן ידיים פרטיות  מזגן מקפיא ",None,170000,
סוזוקי SX4,2014,1,אוטומטית,1600,בנזין,,,הוד,הוד,59000.0,2022-07-20,1,2022-07-20,מצב מצויין קמ נמוך &lt;br/&gt;&lt;br/&gt;פירוט:&lt;br/&gt; מערכת מולטימדיה,None,49000,
סוזוקי סוויפט,2008,4,אוטומטית,1500,בנזין,,,באר,שדרות,13000.0,2022-07-16,1,2022-07-16,רכב במצב מעולה עם טסט ל10 חודשים &lt;br/&gt;&lt;br/&gt;פירוט:&lt;br/&gt; מערכת מולטימדיה,None,194000,
סוזוקי קרוסאובר,2015,1,אוטומטית,1600,בנזין,,,גליל,ריינה,55000.0,2022-07-16,1,2022-07-16,רכב שמור מתחיב בבדקה נהג יחיד,None,190000,
סוזוקי קרוסאובר,2017,1,אוטומטית,1400,בנזין,,,מושבים,בית,74000.0,2022-07-15,1,2022-07-15,"רכב שמור מטופל בחברה, מצב טוב, מראות וחלונות חשמליים. &lt;br/&gt;&lt;br/&gt;פירוט:&lt;br/&gt; מערכת מולטימדיה משודרגת, חיישני רוורס",None,127000,
סוזוקי אלטו,2011,3,ידנית,800,בנזין,פרטית,פרטית,None,יפעת,16000.0,2022-07-15,3,2022-07-15,"סוזוקי אלטו 2011 ידני 136אלף קילומטר , הרכב שמור ומטופל בקנאות נמכר עקב קבלת רכב מהעבודה. הרכב עבר טיפול גדול והוחלף מדחס אוויר ומזגן חדש. טסט לשנה שלמה! מתאים לסטודנטים ולאנשים צעירים אוטו קטן וחסכוני!",כחול,136000,
סוזוקי קרוסאובר,2018,2,אוטומטית,1400,בנזין,,,פתח,פתח,79000.0,2022-07-10,1,2022-07-10,"רכב כחדש שמור, קרוסאובר טורבו מצויין מרווח , מערכת מולטמדיה, waze, מובליי, ",None,118000,
סוזוקי ליאנה,2006,3,אוטומטית,1600,בנזין,,,מושבים,אבן,3500.0,2022-07-04,1,2022-07-04,"יש להחליף מנוע עקב סדק בצינור מים והמנוע היתחמם. אפשר לנסוע איתו אבל יש למלא מים כול הזמן.בשנה האחונה הוחלפו- 2 בולמים קידמיים, ברקסים 4צמיגים בטריה. מזגן עובד מצויין, הכול מתפקד ושמור. תוצרת יפן. לא בשבת &lt;br/&gt;&lt;br/&gt;פירוט:&lt;br/&gt; יש מערכת אזעקה אבל צופר מנותק, גשש רוורס",None,265000,
סוזוקי SX4,2008,5,אוטומטית,1600,בנזין,,,גליל,שפרעם,12000.0,2022-06-30,1,2022-06-30,"רכב מטופל, דגם מפואר",None,192000,
סוזוקי אלטו,2011,2,ידנית,1400,בנזין,,,רמת,גבעתיים,9900.0,2022-06-29,1,2022-06-29,"רכב מדהים נוסע נסיעה שקטה ונעימה חסכוני מאד מוכרת עקב קבלת רכב חדש מהעבודה",None,15000,
סוזוקי סוויפט,2020,2,אוטומטית,1242,בנזין,,,None,haifa,84500.0,2022-06-20,1,2022-06-20,"רכב במצב מצויין עם כל התוספות GLX נקי ללא כל תאונה. עדיין באחריות חברה עד ינואר 23. טסט ינואר 23 .רכב חסכוני עלויות אחזקה נמוכות  &lt;br/&gt;&lt;br/&gt;פירוט:&lt;br/&gt; מערכת מולטי מדיה, גלגלי מגנזיום,מערכת עזר לבלמים בקרת יציבות ,חישני מובילאיי מצלמה מובנת לחניה,מצלמת דרך קדמית ואחורית,",None,18000,
סוזוקי קרוסאובר,2021,1,אוטומטית,1373,בנזין,,,פרדס,פרדס,113000.0,2022-06-09,1,2022-06-09,שמור ,None,15000,
סוזוקי קרוסאובר,2018,2,אוטומטית,1600,בנזין,,,פתח,פתח,80000.0,2022-06-05,1,2022-06-05,"גיפון במצב מעולה כחדש מערכת waz , מובליייזר, שמור מאד",None,116000,
סוזוקי סלריו,2016,1,ידנית,1000,בנזין,,,None,עיילבון,26900.0,2022-06-03,1,2022-06-03,"טסט עד 16/05/2023 מטופל במוסך סוזוקי מצב מכני מצוין/אפס תקלות /רדיו דיסק ומזגן מקוריים/ 4 גלגלים חדש/גנטיקה מגנזיום/ נהג יחידי/רכב שני בבית /רכב שמור &lt;br/&gt;&lt;br/&gt;פירוט:&lt;br/&gt; מזגן מקורי/גלגלים מגנזיום/ רדיו דיסק מקורי אפס תקלות /רכב חסכוני מאוד",None,98000,
סוזוקי קרוסאובר,2014,1,אוטומטית,1586,בנזין,,,יישובי,אורנית,47000.0,2022-05-31,1,2022-05-31,None,None,157000,
סוזוקי סוויפט,2015,2,אוטומטית,1200,בנזין,,,נס,מזכרת,47000.0,2022-05-26,1,2022-05-26,"רכב שמור מאוד, בעלות פרטית, לאחר טיפול, קילומטרז נמוך, טסט לשנה",None,100000,
סוזוקי קרוסאובר,2019,1,אוטומטית,1400,בנזין,,,תל,תל,104500.0,2022-05-25,1,2022-05-25,"סוזוקי ויטארה  מנוע 1,400 טורבו 2*4  תאריך עליה לכביש 03/2019 קילומטר 69,200  יד ראשונה חדש מהחברה  כולל הרחבת אחריות יצרן לשנה נוספת 03/2023 עבר עכשיו טסט לשנה קדימה כולל התוספות שהיה ניתן להזמין חיישני חנייה חלונות אוטומטים מצלמת רוורס וחו.. מטופל במוסך המרכזי  רכב שמור ביותר צבע מהמם, חווית נהיגה מעולה.  שימש לנסיעות לעבודה וחזור. נמכר עקב מעבר לרכב חדש מחיר 104,500",None,69200,
סוזוקי בלנו,1999,2,אוטומטית,1600,בנזין,,,עמק,עפולה,5999.0,2022-05-21,1,2022-05-21,רכב שמור מאוד ומטופל באופן קבוע. כל המערכות עובדות לא תקלות. מאוד אמין. לשים דלק ולנסוע.,None,172000,
סוזוקי SX4 קרוסאובר,2016,2,אוטומטית,1600,בנזין,ליסינג,פרטית,רמת,רמת,58000.0,2023-11-23,1,2023-11-23,מצב מעולה ,שחור,77000,
סוזוקי SX4,2018,1,אוטומטית,1400,בנזין,פרטית,פרטית,טבריה,טבריה,95000.0,2022-05-16,1,2022-05-16,רכב שמור טיפולים במוסך מורשה,שחור,46000,
סוזוקי ספלאש,2012,2,אוטומטית,1242,בנזין,,,פתח,פתח,31500.0,2022-05-12,1,2022-05-12,רכב פרטי במצב מעולה עם קילומטר'ז נמוך מאוד(!). ללא תאונות שלדה. כולל 4 צמיגים חדשים!,None,88000,
סוזוקי קרוסאובר,2018,1,אוטומטית,1600,בנזין,,,גדרה,גדרה,105750.0,2022-05-09,1,2022-05-09,"סוזוקי ויטארה GLXV 4X4 נדירה, שמורה, בהזדמנות מפרטי",None,19000,
סוזוקי קרוסאובר,2018,1,אוטומטית,1374,בנזין,,,רמת,הרצליה,91000.0,2022-05-09,1,2022-05-09,"רכב אמין ,זריז ונוח.רכב משפחתי אידיאלי.",None,61000,
סוזוקי איגניס,2006,5,אוטומטית,1300,בנזין,פרטית,פרטית,אשדוד,אשקלון,9500.0,2022-05-08,4,2022-05-08,"רכב אמין וחסכוני מאוד אוטומט דגם GLS עשה עד היום 192 אלף ק""מ בלבד! טסט עד סוף אוגוסט 22 יש פגיעות בפח כפי שניתן לראות וקילופי צבע  יד 05 -הכל פרטי",שחור,192000,
סוזוקי אלטו,2011,2,אוטומטית,1000,בנזין,,,תל,תל,20000.0,2022-05-03,1,2022-05-03,"סוזוקי אלטו במצב מכני מעולה, חסכונית ביותר 80,000 קמ 0544385772 לפרטים נוספים ",None,80000,
סוזוקי בלנו,2017,1,אוטומטית,1200,בנזין,,,חיפה,נשר,63600.0,2022-05-01,1,2022-05-01,יד ראשונה פרטי מטופל במוסך מורשה סוזוקי בלבד מעט ק״מ,None,65300,
סוזוקי SX4,2011,2,אוטומטית,1586,בנזין,,,מושבים,תל,30000.0,2022-05-01,1,2022-05-01," אנחנו מוכרים את הרכב המדהים שלנו SUZUKI SX 4 עלה לכביש בדצמבר 2011 , יד שניה (רק מבעלות פרטית) במצב מעולה! 4 צמיגים חדשים , עבר רק 142,000 ק""מ . הוחלף מנוע לפני חצי שנה למנוע משנת 2019 (יש כמובן שטר מכר) , בגא'ז מרווח. כל הקודם זוכה :)",None,142000,
סוזוקי SX4,2016,1,אוטומטית,1600,בנזין,,,מושבים,אבן,69500.0,2022-04-30,1,2022-04-30,"לרגל נסיעה! נדיר! שמור ומטופל במצב מושלם. 49 אלף קילומטר בלבד. עם מערכת מובילאיי לנהיגה בטיחותית ומערכת מולטימדיה וניווט Capetown   מבית Blaupunkt. רכב זכיה! 70,000 ש""ח בלבד! &lt;br/&gt;&lt;br/&gt;פירוט:&lt;br/&gt; מערכת מובילאיי Mobile Eye לנהיגה בטיחותית ומערכת מולטימדיה וניווט Capetown   מבית Blaupunkt",None,49600,
סוזוקי אלטו,2010,1,ידנית,1000,בנזין,,,חדרה,חדרה,16500.0,2022-04-29,1,2022-04-29,"יד ראשונה מפרטי, 70,000 ק""מ ,מצב מכני מצויין, מצבר חדש, עבר טיפול לפני חמישה חודשים, מאד חסכוני",None,70000,
סוזוקי בלנו,1998,3,אוטומטית,1590,בנזין,,,פתח,פתח,4900.0,2022-04-28,1,2022-04-28,מצב טוב. מצבר חדש. רדיו חדשד. יד 3 בתוך המשפחה. שימש כרכב שני אין הרבה קילומטראז'. תא מטען ענק!!! ,None,125000,
סוזוקי קרוסאובר,2014,2,אוטומטית,1600,בנזין,,,רעננה,כפר,48000.0,2022-04-27,1,2022-04-27,"סוזוקי קרוסאובר מצב מצויין  טסט לשנה שלמה יד שנייה מטופל וזמן ובחלקים מקוריים. רק 140000 קמ.",None,140000,
סוזוקי SX4,2012,1,אוטומטית,1600,בנזין,,,גליל,מעלות,34000.0,2022-04-27,1,2022-04-27,"רכב שמור ללא תאונות. טופל במוסך סוזוקי.",None,162000,
סוזוקי SX4,2009,4,אוטומטית,1600,בנזין,,,"ראשל""צ",ראשון,22900.0,2022-04-25,1,2022-04-25,"???????? רכב טוב מבית טוב גרינקאר  למכירה/ החלפה סוזוקי SX4, שנת 2009 . 155000 ק""מ !!!!! מנוע: בנזין, נפח 1600 סמ""ק. 107 כ""ס.  אפ' לתשלום חודשי החל מ ₪ 539, בתוספת מקדמה: ₪ 000, 5 אפשר לשלם את המקדמה בהוראת קבע/צ'קים/אשראי.  *********** ? טלפון 8523* (בשעות 08:30-18:00) ?? טלפון נוסף 058-4080558/1/0 (בשעות 08:30-18:00) ?? אפשרות למימון עד!!! 100% אפשריות אטרקטיביות ביותר. ?? אפשרות טרייד אין לכל סוגי הרכבים . ?? כתובתנו : רח' הרצל 28.ראשל""צ, סוכנות ""גרינקאר"". ? שעות פתיחה א-ה 8:30-18:00, שישי עד 13:00.  לבוא לקחת. ג'יפון מהממם עם טסט ארוך. התחייבות לקנייה חוזרת עד 5 שנים. שקיפות מלאה!!! מגוון אפשרויות מימון עד 100% כולל תשלום בצקים. נמצא בסוכנות ""גרינקאר"" בראשל""צ, רח' הרצל 28. הנחות ומחירים מיוחדים יינתנו בסניף, יחס אישי לכל לקוח שקיפות מלאה!!! מבחר ענק של רכבים נוספים ניתן לראות באתר של גרינקאר. לצאת עם רכב חדש באותו היום ",None,155000,
סוזוקי ליאנה,2007,3,אוטומטית,1600,בנזין,ליסינג,פרטית,פתח,פתח,10000.0,2022-04-24,5,2022-04-24,"שמור, מטופל, נהג יחיד, מצב מעולה.",כסוף,187000,
סוזוקי ליאנה,2007,3,אוטומטית,1600,בנזין,ליסינג,פרטית,אשדוד,אשקלון,8000.0,2022-02-10,4,2022-01-30,None,כסוף,169000,
סוזוקי אלטו,2011,4,ידנית,1000,בנזין,פרטית,פרטית,גליל,שפרעם,12000.0,2022-01-06,6,2022-01-04,"אוטו במצב מעולה חסכונית בטירוף הכל עובד ב 100%  ",אפור,220000,
סוזוקי אלטו,2011,2,ידנית,1000,בנזין,פרטית,פרטית,None,כפר,14000.0,2021-10-24,4,2021-10-24,"רכב שמור מאוד וחסכוני. מטופל בזמן כל 10 אלף, רכב ללא תקלות בכלל. הוחלף לו קלאץ' חדש מקורי ומצבר חדש. נהג יחיד במשך 3 שנים",כסוף,130000,
סוזוקי סוויפט,2007,6,אוטומטית,1500,בנזין,פרטית,פרטית,ירושלים,ירושלים,14500.0,2021-10-18,4,2021-10-18,"רכב אמין וחסכוני, שמור ומטופל בזמן.",כסוף,185000,
סוזוקי אלטו,2010,3,אוטומטית,1000,בנזין,פרטית,פרטית,חדרה,חדרה,16900.0,2021-10-11,5,2021-10-11,"רכב שמור מאוד וחסכוני, נסע רק למטרות עבודה 140 קמ״ש טסט עד מאי 2022 !! גמישה לרציניים",לבן,140,
סוזוקי איגניס,2003,3,אוטומטית,1400,בנזין,פרטית,פרטית,טבריה,טבריה,8000.0,2023-07-02,4,2023-07-02,"בס''ד  למכירה סוזוקי איגניס במצב טוב מאוד .  שנת 2003  155 K טסט עד 23/11/2023  מטופל !  מחיר : 8,000  פרטים בפלאפון בלבד - 053-4237328  לא בשבת ! ",אפור,155,
סוזוקי סוויפט,2018,1,אוטומטית,1200,בנזין,פרטית,פרטית,ירושלים,ירושלים,71000.0,2022-09-03,1,2022-09-03,סוזוקי סופר סוויפט 2018 דגם GLX עשתה רק 83 אלף קמ בלבד רכב שמור ומטופל 01 ברישיון טסט עד 3/23 עשה כל הטיפולים מולטימדיה מפתח חכם כניסה והתנעה בכפתור מצלמת רוורס וקדמית מובילאיי סגירת חלונות אוטומטית,שחור,83000,
סוזוקי סוויפט,2008,7,אוטומטית,1500,בנזין,חברה,פרטית,מושבים,אחיסמך,12700.0,2022-11-07,2,2022-10-26,"רכב פצצה! נסיעה חלקה!מזגן מקפיא! נוח לחניה!חסכוני בדלק! נמצא במשפחה 5 שנים נפרדים בצער עקב מעבר לרכב גדול, הוחלף מנוע[חוקי] לפני שנתיים קילומטראז' 358050 קיימת מערכת מולטימדיה חיישני רוורס לא בשבת.",אפור,358050,
סוזוקי יורו,2022,1,אוטומטית,1400,היברידי,,,יישובי,אריאל,145000.0,2022-11-02,,2022-11-02,רכב חדש מכירה עקב בעיות בריאות,None,450,
סוזוקי סדן,2007,6,אוטומטית,1300,בנזין,,,None,ריחאניה,43000.0,2022-11-01,,2022-11-01,None,None,290,
סוזוקי בלנו,2017,2,אוטומטית,1300,בנזין,,,"ראשל""צ",ראשון,45000.0,2022-10-29,,2022-10-29,רכב חסכוני מאוד נוסע חלק ניראה כחדש ממש מציאה,None,46500,
סוזוקי וואגון,2019,1,אוטומטית,1000,בנזין,,,פתח,פתח,97000.0,2022-10-22,,2022-10-22," &lt;br/&gt;&lt;br/&gt;פירוט:&lt;br/&gt; מצלמה קדמית/אחורית,מולטימדיה",None,30000,
סוזוקי וואגון,2019,1,אוטומטית,1000,בנזין,,,פתח,פתח,97000.0,2022-10-22,,2022-10-22," &lt;br/&gt;&lt;br/&gt;פירוט:&lt;br/&gt; מצלמת דרך קדמית אחורית ,מולטימדיה",None,30000,
סוזוקי קרוסאובר,2008,1,אוטומטית,1400,בנזין,,,קריות,קרית,86500.0,2022-09-15,,2022-09-15,"מצב מעולה טסט לשנה מטופל במוסך מורשה",None,62000,
סוזוקי קרוסאובר,2015,1,אוטומטית,1598,בנזין,,,מושבים,מתן,58000.0,2022-09-12,,2022-09-12,"שמור, במצב מעולה, רכב שני בבית, טסט לשנה &lt;br/&gt;&lt;br/&gt;פירוט:&lt;br/&gt; רמת גימור Glx",None,100000,
סוזוקי ספלאש,2013,1,אוטומטית,95,בנזין,,,ראש,ראש,30500.0,2022-09-08,,2022-09-08,"יד ראשונה, קמ נמוך ! מצב מכני מעולה , טסט לשנה כל הקודם זוכה! מכירה עקב קבלת רכב מעבודה",None,94000,
סוזוקי קרוסאובר,2014,1,אוטומטית,1586,בנזין,,,עמק,רמת,48000.0,2022-09-02,,2022-09-02,"אמנם הרכב של חברה, אך נהג אחד (כמו רכב משפחתי). עומד למכירה כי החברה נסגרת.",None,160000,
סוזוקי SX4,2016,2,אוטומטית,1600,בנזין,,,פרדס,פרדס,80500.0,2022-09-01,,2022-09-01,"ויטארה 4×4 הדגם המפואר עם כל התוספות. מצב מעולה, עבר טיפול גדול לפני חודש וגם טסט לפני חודש. לעוד תמונות בוואטסאפ",None,,
סוזוקי SX4,2010,1,אוטומטית,1586,בנזין,,,אשדוד,אשקלון,15000.0,2022-08-30,,2022-08-30,"רכב שמור.צמיגים כחדש (לפני שנה)חיישני רוורס. גילוי נאות הרכב מתחמם לעיתים.",None,179000,
סוזוקי איגניס,2017,1,ידנית,1200,בנזין,,,עמק,עפולה,45000.0,2022-08-25,,2022-08-25,"במצב מצויין, נוסע מצויין, טסט ביוני, מצבר חדש. &lt;br/&gt;&lt;br/&gt;פירוט:&lt;br/&gt; מוביליי, מצלמת רוורס",None,120000,
סוזוקי SX4,2010,2,אוטומטית,1400,בנזין,,,חיפה,חיפה,240000.0,2022-08-14,,2022-08-14,"רכב במצב מצויין, שמור, טסט לשנה ",None,18000,
סוזוקי קרוסאובר,2019,1,אוטומטית,1400,בנזין,,,רמת,גבעתיים,98000.0,2022-08-12,,2022-08-12,רכב נקי מתאונות &lt;br/&gt;&lt;br/&gt;פירוט:&lt;br/&gt; כל האביזרים,None,38000,
סוזוקי בלנו,2018,1,אוטומטית,1200,בנזין,,,חולון,חולון,74000.0,2022-08-10,,2022-08-10,"רכב שמורר!! נהגת יחידה 30000 ק""מ כל הקודם זוכה. לא בשבת &lt;br/&gt;&lt;br/&gt;פירוט:&lt;br/&gt; כל התוספות לפי מודל זה!",None,,
סוזוקי סוויפט,2021,1,אוטומטית,1200,היברידי,,,"ראשל""צ",ראשון,105000.0,2022-08-07,,2022-08-07,רכב שמור חדש באחריות יצרן.,None,24000,
סוזוקי סלריו,2016,2,אוטומטית,998,בנזין,,,None,נהרייה,35500.0,2022-07-29,,2022-07-29,"רכב שמור מאוד , טיפולים בזמן קיים ספר טיפולים מאוד חסכוני וזריז מצב הרכב נדיר &lt;br/&gt;&lt;br/&gt;פירוט:&lt;br/&gt; מולטימדיה, מובילאי, חיישני רוורס , מצלמת רוורס ",None,39500,
סוזוקי קרוסאובר,2020,1,אוטומטית,1343,בנזין,,,תל,תל,115000.0,2022-07-26,,2022-07-26,"מצב מעולה, מנוע 1373 טורבו, שמור יד ראשונה ויחידה. ",None,21000,
סוזוקי SX4,2011,2,אוטומטית,1600,בנזין,,,ירושלים,ירושלים,21000.0,2022-07-25,,2022-07-25,רכב נוח אחזקה זולה ,None,215000,
סוזוקי SX4,2011,2,אוטומטית,1600,בנזין,,,ירושלים,ירושלים,23000.0,2022-07-22,,2022-07-22,רכב אמין ונוח ,None,215000,
סוזוקי קרוסאובר,2018,1,אוטומטית,1376,בנזין,,,רמלה,רמלה,87000.0,2022-07-11,,2022-07-11,יד ראשונה מצויינת טיפולים בזמן &lt;br/&gt;&lt;br/&gt;פירוט:&lt;br/&gt; מגיני רוח שמשות,None,91400,
סוזוקי קרוסאובר,2019,1,אוטומטית,1400,בנזין,,,רעננה,כפר,100000.0,2022-06-29,,2022-06-29,"מצב מעולה מטופל בזמן &lt;br/&gt;&lt;br/&gt;פירוט:&lt;br/&gt; מולטי מידיה חלונות ש חשמליים סגירה אוטמטית",None,43000,
סוזוקי SX4,2008,2,אוטומטית,1600,בנזין,,,באר,באר,14000.0,2022-06-05,,2022-06-05,רכב שמור תמיד עבר טיפולים חדש כמעט לגמרי קוסמטית מבפנים עם רדיו מסך &lt;br/&gt;&lt;br/&gt;פירוט:&lt;br/&gt; כיסויים למושבים ,None,360300,
סוזוקי SX4,2009,5,אוטומטית,1600,בנזין,,,קריות,קרית,18000.0,2022-05-19,,2022-05-19,"רכב שמור מאוד מטופל בזמן לאחר טיפול גדול רדיאטור חדש  פלגים פילטר שמן פילטר אוויר פילטר מזגן ושמן מנוע הכל מקורי ! 4 צמיגים חדשים  מערכת שמע 4 רמקולים איכותיים &lt;br/&gt;&lt;br/&gt;פירוט:&lt;br/&gt; רכב שמור מאוד מטופל בזמן לאחר טיפול גדול רדיאטור חדש  פלגים פילטר שמן פילטר אוויר פילטר מזגן ושמן מנוע הכל מקורי ! 4 צמיגים חדשים  מערכת שמע 4 רמקולים איכותיים",None,205000,
סוזוקי SX4,2018,1,אוטומטית,1400,בנזין,פרטית,פרטית,טבריה,טבריה,95000.0,2022-05-16,,2022-05-16,רכב שמור טיפולים במוסך מורשה 46000 קילומטר,שחור,46000,
סוזוקי SX4,2009,5,אוטומטית,1600,בנזין,,,קריות,קרית,18000.0,2022-05-04,,2022-05-04,סוזוקי sx4 2009 שמורה מאוד מטופלת היטב לאחר החלפת 4 צמיגים חדשים טיפול גדול הכולל פילטר שמן מקורי פילטר אויר פילטר מזגן פלגים מקוריים רצועות מדחס ואלטרנטור חדשות הנעה ללא מפתח דגם מפואר,None,200000,
סוזוקי סוויפט החדשה,2018,1,אוטומטית,1250,בנזין,,,טבריה,פוריה,69000.0,2022-04-26,,2022-04-26,None,None,60000,
סוזוקי ספלאש,2009,3,אוטומטית,1300,בנזין,פרטית,פרטית,רמת,בני,16500.0,2022-03-12,,2022-03-12,למכירה סוזוקי ספלאש שנת 2009 ברקסים ובולמים חדשים עם חיישני רוורס ומולטימדיה מצב מצוין,אפור,185000,
